{"cameraMode":{"drawMode":0,"name":"Shaded","section":"Shading Mode"},"sceneLighting":true,"audioPlay":false,"sceneViewState":{"showFog":true,"showMaterialUpdate":false,"showSkybox":true,"showFlares":true,"showImageEffects":true,"showParticleSystems":true,"showVisualEffectGraphs":true,"m_FxEnabled":true},"in2DMode":false,"pivot":{"x":-0.21288037300109864,"y":-3.454094171524048,"z":5.484304904937744},"rotation":{"x":-0.18478521704673768,"y":0.06833775341510773,"z":-0.012881326489150525,"w":-0.9803154468536377},"size":6.256570339202881,"orthographic":false}